{
  "iteration": 1,
  "timestamp": 1745310200.9087615,
  "metrics": {
    "avg_score": 0.15353535353535352,
    "perfect_matches": 0,
    "total_examples": 2,
    "perfect_match_percent": 0.0
  }
}