{
  "iteration": 2,
  "timestamp": 1745347275.9812107,
  "metrics": {
    "avg_score": 0.05434380776340111,
    "perfect_matches": 0,
    "total_examples": 1,
    "perfect_match_percent": 0.0
  }
}