{
  "iteration": 2,
  "timestamp": 1745338717.349643,
  "metrics": {
    "avg_score": 0.08679848448969926,
    "perfect_matches": 0,
    "total_examples": 2,
    "perfect_match_percent": 0.0
  }
}