{
  "iteration": 1,
  "timestamp": 1745336483.3232582,
  "metrics": {
    "avg_score": 0.5062222222222222,
    "perfect_matches": 1,
    "total_examples": 2,
    "perfect_match_percent": 50.0
  }
}