{
  "iteration": 3,
  "timestamp": 1745336104.3114972,
  "metrics": {
    "avg_score": 0.1561619718309859,
    "perfect_matches": 0,
    "total_examples": 2,
    "perfect_match_percent": 0.0
  }
}