{
  "iteration": 1,
  "timestamp": 1745336089.8746262,
  "metrics": {
    "avg_score": 0.15481430536451168,
    "perfect_matches": 0,
    "total_examples": 2,
    "perfect_match_percent": 0.0
  }
}