{
  "iteration": 1,
  "timestamp": 1745339977.0235956,
  "metrics": {
    "avg_score": 0.19482109227871938,
    "perfect_matches": 0,
    "total_examples": 1,
    "perfect_match_percent": 0.0
  }
}