{
  "iteration": 2,
  "timestamp": 1745339992.3758278,
  "metrics": {
    "avg_score": 0.18966101694915255,
    "perfect_matches": 0,
    "total_examples": 1,
    "perfect_match_percent": 0.0
  }
}