{
  "iteration": 2,
  "timestamp": 1745309532.7429104,
  "metrics": {
    "avg_score": 0.15338709677419354,
    "perfect_matches": 0,
    "total_examples": 2,
    "perfect_match_percent": 0.0
  }
}