{
  "iteration": 1,
  "timestamp": 1745313731.6513867,
  "metrics": {
    "avg_score": 0.15679521109382208,
    "perfect_matches": 0,
    "total_examples": 7,
    "perfect_match_percent": 0.0
  }
}